{"cameraMode":{"drawMode":0,"name":"Shaded","section":"Shading Mode"},"sceneLighting":false,"audioPlay":false,"sceneViewState":{"m_AlwaysRefresh":false,"showFog":true,"showSkybox":false,"showFlares":true,"showImageEffects":true,"showParticleSystems":true,"showVisualEffectGraphs":true,"m_FxEnabled":true},"in2DMode":false,"pivot":{"x":-1.5015865564346314,"y":-0.12111103534698487,"z":0.19165682792663575},"rotation":{"x":0.254509836435318,"y":-0.5572131872177124,"z":0.18457159399986268,"w":0.7685735821723938},"size":1.5427228212356568,"orthographic":false}