{"cameraMode":{"drawMode":0,"name":"Shaded","section":"Shading Mode"},"sceneLighting":true,"audioPlay":false,"sceneViewState":{"m_AlwaysRefresh":false,"showFog":true,"showSkybox":true,"showFlares":true,"showImageEffects":true,"showParticleSystems":true,"showVisualEffectGraphs":true,"m_FxEnabled":true},"in2DMode":false,"pivot":{"x":10.683765411376954,"y":0.12236475944519043,"z":-15.141059875488282},"rotation":{"x":-0.2213049978017807,"y":-0.5171090364456177,"z":0.14045318961143495,"w":-0.8148062825202942},"size":2.3296210765838625,"orthographic":false}